STT,Câu hỏi,Câu trả lời,1. Xác định đúng vấn đề,2. Trích đúng điều luật (Đủ căn cứ),3. Trả lời đúng câu hỏi,4. Câu trả lời rõ ràng,Ghi chú verify điều luật & căn cứ,Phân loại
120,"Trước đây Ông em có mua cho Bố em 1 mảnh đất, thời điểm đó chỉ có phiếu thu tiền , chưa có sổ đỏ. Ở quê thì mọi người cũng nhiều người cũng chưa có sổ như thế. Sau này lúc Ông e mất, các cô các Bác đã ký giấy từ chối nhận quyền thừa kế và để mảnh đất đó cho Bố em. Gia đình em đã mang giấy tờ đi nộp để làm Sổ đỏ, tuy nhiên giấy tờ đã bị thất lạc, do có xáo trộn lãnh đạo địa chính lúc ấy. Bây giờ nhà em muốn làm sổ đỏ thì phải làm như thế nào ạ? giấy tờ gốc hiện tại nhà em k còn, chỉ còn bản hình ảnh thôi ạ",,,,,,,Kind 1 - Thủ tục quản lý đất đai
121,"Em ở Đà Nẵng, mọi người cho em hỏi. 
Thửa đất của người đã chết, em là người được thừa kế ( các đồng thừa kế đã đống ý ký văn bản phân chia di sản thừa kế khi nào em hoàn thành thủ tục). Thửa đất đang là sổ đỏ (chưa lên sổ hồng) có diện tích 125m2 trong GCN nhưng đo thực tế là 160m2 , tăng thêm 35m2 ( thửa đất gốc có diện tích 525m2 đã công nhận toàn bộ đất ở theo hồ sơ 299 ở trước 18/12/1980 năm 2009), hạn mức đất ở chỗ em là 100m2 x 5 =500m2 nên giờ họ xác định 125m2 trong GCN kia có 100m2 ở và 25m2 CLN ; phần đất còn lại này nằm ở giữa thửa đất gốc ( chỉ giáp thửa đất phía sau, hai bên là hai thửa cắt ra từ thửa gốc, đã có ranh giới). 
Vậy cho em hỏi là sau khi ký thỏa thuận phân chia di sản thừa kế, em có thể đổi sổ đỏ sang sổ hồng và biến động phần dư ra kia thành đất CLN để trong sổ hồng mới là 100m2 đất ở và 60m2 CLN không ? Sau khi làm như vậy em mới sang tên cho em đứng được không ? Mong mọi người giúp em",,,,,,,Kind 1 - Thủ tục quản lý đất đai
122,"Bà em già yếu 90tuoi cần sang tên đất cho bố em là con trai 65tuoi sống chung với bà (bà là chủ hộ). Nhà em chỉ có 1 mảnh đất sống cả 40 năm nay rồi. 
Xã đòi giấy khai sinh của bố em.
Vấn đề là bà và bố em ngày xưa chiến tranh chạy giặc vào nam nên ko còn giấy khai sinh từ 65 năm trước. Bố em về quê chật vật làm được giấy khai sinh. Thì xã đòi tiếp giấy kết hôn của ông bà em. Vấn đề là ông của em chết mất xác trong chiến tranh (đến giờ vẫn ko tung tích ko biết chết ở đâu). Trình bày thì họ đòi giấy chứng tử + mộ. 
Giờ phải làm sao ạ? Giấy tờ đất nhà em sổ hồng thổ cư đầy đủ.",,,,,,,Kind 1 - Thủ tục quản lý đất đai
123,"Nhà e định làm sổ đỏ 330m, Khi em lên nộp bộ hồ sơ mới năm 2025 là 330m nhưng trên phường lại cho bộ hồ sơ cũ 2022 là 150m làm thuế (năm 2022 trên phường bảo nhà em là chỉ được làm 120-150m, nên nhà e cũng phải nộp hồ sơ. Tất nhiên là trong vòng mấy năm nay thì nhà e vẫn chưa dc phường gọi lên đóng thuế). Trong khi đó nhà e không có kí kết bất cứ giấy tờ gì cả. Năm nay phường gọi nhà e lên đóng thuế 150m thì nhà e cũng phải lên làm.
Hiện tại đã đóng xong thuế. Nhưng chưa có sổ. Bên phường lại gọi bảo là còn số đất còn lại thì phải trả cho phường, cho nhà nước để làm đường gì đó, em cũng không rõ. Và nếu không kí giấy tờ trả đất cho nhà nước thì nhà e không làm được sổ đỏ.
Mong người tư vấn giúp e là trường hợp này e có làm được sổ đỏ cho 150m không và số đất còn lại là 180m đất vườn nếu như không có trong sổ đỏ thì nó đi về đâu ạ. Đất nhà e là được nhà nước chia vì ông là lão thành cách mạng ạ. Em cảm ơn ạ",,,,,,,Kind 1 - Thủ tục quản lý đất đai
124,Các bác làm trong lĩnh vực luật đất đai cho e hỏi với ạ! Đất giãn dân do xã bán trái thẩm quyền 20 năm trước ( tức năm 2005) muốn được cấp sổ đỏ thì có quy định nào yêu cầu phải có nhà cấp 4 trở lên thì mới dc cấp ko ạ? Nếu có thì nó đc quy định ở điều nào? Khoản bn? Thông tư nào ko ạ? Em xin cảm ơn các ac rất nhiều,,,,,,,Kind 1 - Thủ tục quản lý đất đai
125,"E chào a/c trong nhóm. Mong a/c giải đáp thac mac:
 mẹ e bị mat khả nang hanh vi dan su, e đa co trích lục
 giám hộ và chị gai em là người giam sát giám hộ. E
 muon doi ten dat tu me em sang em co duoc khong
 ạ? Hỏi nhiều chỗ mà thủ tục hơi lang nhằng a",,,,,,,Kind 1 - Thủ tục quản lý đất đai
126,"Em có nhà đất ở khu tập thể nhà máy cơ khí tại Quảng Ninh, đất ở, Giấy tờ có giấy thanh lý của nhà máy bản gốc có dấu đỏ, có hồ sơ kỹ thuật thửa đất lập năm 1997 và trích lục đo đạc năm 2021, nhà máy đã thanh lý cho công nhân, sử dụng ổn định, lâu dài không tranh chấp, chưa được cấp sổ đỏ. Em muốn hỏi có đủ điều kiện cấp sổ đỏ lần đầu không?",,,,,,,Kind 1 - Thủ tục quản lý đất đai
127,"Các bác cho em hỏi nhà em đang làm thủ tục tách sổ, đất nhà e thỏa mãn tất cả thủ tục để tách, tuy nhiên cả khu vực chỗ em ở( cả huyện)  tọa độ giữa các nhà bị hay lệch khoang 50 cm, vậy việc tách sổ có bị ảnh hưởng gì không ạ? đo thực tế đất đủ diện tích trên sổ không tranh chấp, đất nhà em sử dụng và được cấp sổ lâu năm rồi. Cảm ơn các bác.",,,,,,,Kind 1 - Thủ tục quản lý đất đai
128,"Dạ e ở Thủ Đức, cho e hỏi giấy tay 2017 có làm sổ được không ạ, trên đất có nhà cấp 4 xin GPXD 2 tầng được ko ạ. Cám ơn mọi người",,,,,,,Kind 1 - Thủ tục quản lý đất đai
129,"Nhờ các bác trên thông thiên văn dưới tường địa lý giúp em. Chả là nhà em đang làm giấy tờ, chuyển tên chủ sở hữu đất từ tên ông nội em, sang tên bố em(ông nội em đã mất, các bác trong nhà đều đồng thuận việc chuyển đổi) đồng thời, vì lý do mảnh đất nên phải tách làm 3 sổ. Ko biết thủ tục có khó ko? Và mất khoảng bao lâu? Chi phí tnao nhỉ? Đang thời kì chuyển giao, lại sáp nhập tỉnh nên em thấy mông lung quá. Mong các bác hỗ trợ, xin lời khuyên (cả chính ngạch và tiểu ngạch ạ)",,,,,,,Kind 1 - Thủ tục quản lý đất đai
130,"Mình muốn hỏi về việc làm sổ đỏ tại Hà Nội. Giấy tờ đất đứng tên ông bà nội (Giấy tờ từ thời Pháp). Ông bà đã mất quá 30 năm. Con cái ông bà người thì đã mất, không con cái. Người thì đã mất nhưng có con cái. Người thì còn sống. Nguồn gốc đất rõ ràng. Không có tranh chấp đất. Gia đình đồng thuận làm sổ đỏ. Xin nhờ tư vấn các bước phải làm thế nào ạ?",,,,,,,Kind 1 - Thủ tục quản lý đất đai
131,Ở thanh hoá nhờ các bác tư vấn giúp là nhà e có sổ đỏ bị cháy mất sổ đứng tên bố e giờ ông chết còn bà giờ làm ntn nhờ các bác tư vấn giúp,,,,,,,Kind 1 - Thủ tục quản lý đất đai
132,"Nhờ các ac giúp ạ. Giờ e làm thừa kế , bố e mất rồi ko có giấy khai sinh , mà ra tư pháp xin họ bảo Ng mất rồi họ ko cấp lại.xin xác nhận bố e là con của ông bà nhưng cũng ko đc. Hó bảo phải bên vpcc về xác minh . Mà vpcc thì họ ko có trách nhiệm làm vc đấy. Vậy giờ e phải làm thế nào ạ",,,,,,,Kind 1 - Thủ tục quản lý đất đai
133,"E chào mọi người ạ. Gđ e đang trong giai đoạn xác minh công trình trên đất, mn cho e hỏi trên đất nhà e đang có 1 tầng hầm có kết cấu móng dầm cột bê tông cốt thép, đổ trần bê tông, có cầu thang lên xuống có bể phốt. Vậy có đc tính là công trình hợp lệ trong trường hợp cấp sổ đỏ lần đầu nguồn gốc đất là khai hoang. Và công trình đc xây từ năm 2013 ạ.",,,,,,,Kind 1 - Thủ tục quản lý đất đai
134,"Mọi người cho em hỏi,em lam hồ so cap sổ
 lần đầu, hạn nộp thuế nhà nước cho hạn là
 trong vòng bao nhiêu ngày!",,,,,,,Kind 1 - Thủ tục quản lý đất đai
135,"Gần đây mình có oàn thiện một hồ sơ về đất đai, và khi nộp thì có nộp bản chính giấy khai sinh. Mọi người cho mình hỏi là:
 - Có bắt buộc nộp giấy khai sinh trong hồ sơ không?
 - Nếu không thì liên hệ với cơ quan liên quan để xin rút bản chính, nộp bản sao ạ?
 - Trong trường hợp không xin rút được thì xử lí như thế nào?",,,,,,,Kind 1 - Thủ tục quản lý đất đai
136,"Em mới bán căn chung cư studio ( là tải sản duy nhất tính đến thời điểm hiện tại của hai vợ chồng). Khi bán là dc tư vấn là miễn thuế thu nhập cá nhân do là tai sản duy nhất. Tuy nhiên, cục thuế mới thông báo tụi e ko được miễn, do còn có tài sản thứ 2, là mảnh đất đã được tụi em bán cách đây 5 năm. Thuế yêu cầu phải về Văn phòng công chứng xin trích lục chứng minh hợp đồng mua bán của mảnh này.
Cách đây 5 năm, Ông chủ Lý bán mảnh đất này có số thửa là 888-1, số tờ 2 cho vợ chồng em. Mảnh này là lô nhỏ tách ra từ thửa lớn của ông, khi bán có các con và vợ có đồng ý kí bán.
Sau vài năm vợ chồng e bán lại thửa 888-1, tơ số 2 cho ông khách Lâm, thửa này sau khi bán thì đổi tên số thửa là 1012, số tờ 10.
Thực chất 2 thửa này là 1. Em mua và bán lại khách khác thôi. Nhưng giờ thuế tra ra thửa 888-1 đầu tiên vẫn là sở hữu của chồng em. Nên ko dc giảm thuế TNCN khi bán căn chung cư . Họ yêu cầu xác minh Hợp đồng mua bán của thửa 888-1, chứng minh vc chỉ có tài sản duy nhất. Vợ chồng em làm sao chứng minh dc 2 mảnh này là 1 và đã bán đi rồi ạ.
Đi văn phòng công chứng đã công chứng cho manh 888-1 thì chỉ chưng minh dc quyền nhận chuyển nhượng mảnh này.
Đi vpcc đã công chứng manh 1012, thì chỉ trích lục dc dã bán mảnh 1012.
Làm sao chứng minh vc e chỉ có tài sản duy nhất là căn chung cư hiện tại ạ?
Em đang rất rối. Mong quy anh chị tư vấn giúp ạ",,,,,,,"Kind 2 - Quyền, nghĩa vụ và việc sử dụng đất"
137,"Anh chị cho em hỏi là Nghị quyết số 254/2025/QH15 của Quốc hội,trong đó có việc giảm 70% tiền SDĐ khi chuyển mục đích lần đầu có thật hay ko? Em nộp hs đề nghị được chuyển mục đích từ tháng 10 năm 2025 và nay đã có thông báo nộp tiền SDĐ nhưng chưa được giảm trong văn bản thông báo thì giờ em phải làm ntn? Nhờ mn hiểu biết hướng dẫn giúp ạ. Em xin cảm ơn",,,,,,,"Kind 2 - Quyền, nghĩa vụ và việc sử dụng đất"
138,Cho e hỏi nếu đất đồng sở hữu nhưng chưa xác định diênn tích của từng cá nhân trong đó thì bây giờ cần phải làm gì ạ?,,,,,,,"Kind 2 - Quyền, nghĩa vụ và việc sử dụng đất"
139,"Anh chị luật sư cho e hỏi chút. E ở HN, mảnh đất nhà e được cấp sổ năm 2004 diện tích là 900m². Trong sổ có ghi đất sử dụng 250m² T (lâu dài) và 650m² vườn. 
 Nhưng diện tích thực tế hiện tại khoảng 1300m². Đất nhà e có 2 mặt giáp suối.
 Giờ bố mẹ e muốn cho tặng cho 2 con thì thủ tục như thế nào và trường hợp đất thực tế nhiều hơn so với sổ thì xử lý như thế nào ạ. Anh chị tư vấn giúp em.
 E cảm ơn ạ !",,,,,,,"Kind 2 - Quyền, nghĩa vụ và việc sử dụng đất"
140,"NN giao đất cho TC kinh tế, nham bố trí
 nhà ở cho cán bộ, nviên trong đơn vị. Cán
 bộ nviên có được bán lại cho người ngoài
 đvị k ?",,,,,,,"Kind 2 - Quyền, nghĩa vụ và việc sử dụng đất"
141,"Mọi người cho e tham khảo với ạ: chồng e được hợp đồng uỷ quyền toàn phần sổ đỏ của chính và theo e biết thì chồng e giờ không đứng tên sổ đất đó được vì là người được uỷ quyền đúng không các ơi.
 Và nếu giờ chồng e cho e đứng tên có được không ạ và phải làm bước nào cho hợp lí , mong mọi người tham vấn giúp em với ạ. E cám mn nhiều ❤️",,,,,,,"Kind 2 - Quyền, nghĩa vụ và việc sử dụng đất"
142,"Em muốn hỏi vấn đề như sau ạ:
 Sổ đỏ đứng tên 2 người đồng sở hữu.Nhưng hiện tại muốn bán mảnh đất.Nhưng vì lý do địa lý đi làm xa.Đã làm hợp đồng uỷ quyền lại có công chứng của văn phòng công chứng giao toàn quyền cho người còn lại quyết định mọi thủ tục liên quan.
 Nhưng vẫn không thực hiện được là sao ạ",,,,,,,"Kind 2 - Quyền, nghĩa vụ và việc sử dụng đất"
143,"Kính nhờ Quý Luật Sư cùng Quý cao nhận chỉ giáo giúp trường hợp sau:
+ Chồng sn 1972,
+ Vợ SN 1971,
+ Kết hôn 1997,
+ Sinh con trai sn 1998;
+ Năm 2000 người chồng bỏ đi biệt tăm, còn vợ một mình nuôi con nhỏ tới nay;
+ Năm 2023 Vợ mua được căn nhà riêng!
+ Vậy bây giờ năm 2026 người vợ muốn bán nhà chính tự họ làm việc và dành dụm tích góp tiền của để mua nhà và nay muốn chứng minh tài sản riêng của người vợ để chứng thực được tự do bán căn nhà này để thanh toán các công nợ vay mượn người khác thì phải làm như thế nào mới hợp pháp và đúng chuẩn pháp lý chuyển nhượng cho người khác!
Xin mọi người chỉ giáo giúp ạ!
Chân thành cám ơn mọi người!
Trân trọng!",,,,,,,"Kind 2 - Quyền, nghĩa vụ và việc sử dụng đất"
144,"Mình rất mong cộng đồng giúp đỡ và giải đáp giùm mình. Cụ thể: Khoảng năm 2000, ba mình có mua đất hơn 300m^2 (thuộc đất trồng cây lâu năm) thuộc sổ chung từ chủ đất A, có xác nhận vi bằng. Năm 2018, người chủ này đã mất và theo mình biết, chủ A còn có những người con chưa được ủy quyền thừa kế đất ở trên. Bây giờ ba mình mong muốn làm sổ để chuyển nhượng quyền sử dụng đất cho các con thì làm như thế nào?!",,,,,,,"Kind 2 - Quyền, nghĩa vụ và việc sử dụng đất"
145,Anh chị cho hỏi: anh chị cho tặng em dâu đất thì phải nộp thuế thu nhập cá nhân không. Vì chồng của em dâu không ở nhà nên phait cho riêng em dâu,,,,,,,"Kind 2 - Quyền, nghĩa vụ và việc sử dụng đất"
146,"Mình sắp đc tặng 700met đất thổ cư từ Sổ 3000met tách thửa ra. Giờ có bị giảm thổ cư ko vậy a/c?
Sổ mình 2004 cln, đã nộp tiền chuyển mục đích năm 2011 lên 1500 met thổ cư , ở bình dương",,,,,,,"Kind 2 - Quyền, nghĩa vụ và việc sử dụng đất"
147,"Thời điểm 2002 nhà e có xây dựng 1 căn
 nhà trên đất nông nghiệp. Đến nay e đi
 chuyển đổi mục đích sử dụng đất thì có bị
 xử phạt vphc về việc xây dựng nhà trái
 phép trên đất NN k ạ.",,,,,,,"Kind 2 - Quyền, nghĩa vụ và việc sử dụng đất"
148,"Dạ mọi người cho em hỏi, ngày mai e sẽ lên chi cục thuế quận 12 để tính lại tiền sử dụng đất, (240 mét vuông) giấy thông báo từ năm 2016 là 144 triệu nhưng chưa đóng tới bây giờ, theo em tìm hiểu thì sẽ có 2 hướng: 
 - đóng tiền nộp chậm thì tầm 300-400tr
 - tính theo giá mới thì lên tới 2 tỷ 5
 Cả nhà em đang rất hoang mang vì nếu lên tới 2 tỷ 5 thì là phải bán đất thôi ạ 🙁",,,,,,,"Kind 2 - Quyền, nghĩa vụ và việc sử dụng đất"
149,"Các anh chị bạn bè trong nhóm cho em hỏi 1 việc thế này.Sổ đỏ nhà e được cấp năm 2000 do bố em là thương binh hạng 2/4 , ngày trước được miễn tiền thuế đất phi nông nghiệp nhưng bây giờ theo luật đất đai 2024 bên thuế bảo chỉ được giảm 50% tiền thuế đất phi nông nghiệp .Nhưng do trước được miễn nên nhà em cũng không để ý đi kê khai thuế nên bây giờ bên thuế họ truy thu thuế và phạt nộp chậm từ năm 2000 có đúng không ạ.E xin cảm ơn!",,,,,,,"Kind 2 - Quyền, nghĩa vụ và việc sử dụng đất"
150,"Năm 2022, Em có mua 1 miếng đất, trên đất có trồng cây cao su đã già. Nhưng em ở xa không trực tiếp quản lý, chỉ cho thuê, khoảng năm 2023 thì nhà hàng xóm đã cắt cây caosu tự múc mương lấn chiếm qua 2000m2 để trồng cây, sự việc chỉ được phát hiện khi gần đây em có nhu cầu vay vốn, cần có trích lục mới nên đã gọi địa chính vào đo. Theo sổ cũ thì đất của em là 1.5320m2, bản đồ vệ tinh thì đất của em diện tích 1.5490m2 và  dài xuống dưới chỗ mà bị lấn chiếm  (gần khớp với sổ, chỉ chênh >100m2 do lệch bờ mương xung quanh) , nhưng nhà ông A cứ khẳng định ông đã cho người múc lại mương trồng cây, đó là đất của ông. Khi em hỏi sổ thì ông nói ông chưa có sổ/chưa đo.
Vậy bây giờ em cần làm gì để đòi lại được đất ạ? Nếu như đất của ông A bao gồm cả phần 2000m2 kia thì không lẽ trước đây địa chính đã đo sai đất cho em hay sao ạ.",,,,,,,Kind 3 - Tranh chấp và các tình huống pháp lý cụ thể
151,"Cho tôi hỏi là, tôi có sang tên một mảnh đất, và có làm hợp đồng giấy tay, mà lúc làm hợp đồng giấy tay đó, chỉ ghi bên bán, mà không ghi tên bên mua, mà cũng không có mặt người mua tại đó, mà nhờ trưởng ấp viết tên chứ không ký thì theo anh/ chị ở đây là hợp đông này có hiệu lực không?
Dù tôi có bảo răng căn cứ theo hợp đông mà giải quyêt thì họ cứ khăng khăng tôi phải trả cọc 1 đên 2 cho họ, họ còn đòi kiện tôi ra tòà nữa. Mà bản gốc họ giữ, tôi chỉ giữ hình ảnh, thì liệu nếu họ viết thêm gì vào bản gốc thì có sao không? Và họ không ghi tôi đã nhận cọc hay gì mà họ chỉ ghi tôi đã nhận tiền chuyến nhượng, và tôi không có kí tên cọc nào cả, chỉ kí tên phần tiền chuyển nhượng, nhưng không ghi rõ ai đưa tiền cho tôi, chỉ có trưởng ấp kí chứng kiến. Tôi xin cảm ơn!",,,,,,,Kind 3 - Tranh chấp và các tình huống pháp lý cụ thể
152,"Chuyện tế nhị nên e xin phép ẩn danh
 Câu chuyện của e bắt đầu ngày 24/11, em có cọc mua 1 căn chung cư của chị gái chồng vs giá trị 5 tỉ. E và bạn có chung nhau, e 200tr, ban 500tr, do lúc đó c ý cần 700tr để giải quyết việc nên c ý bảo cọc 700tr. Thời hạn cọc là 1 tháng từ 24/11 tới 24/12. Tới ngày 12/12 do công việc của e có phát sinh, e ko bán dc lô đất của mình nên e có gọi cho c thì c báo là c trả lại cọc, có 3 người cùng nghe
 Tới ngày 24/12 bạn e cần tiền vào 1 lô đất khác thì e có gọi điện trc xin lại phần cọc của bạn m thì c hẹn 12 qua nhà c
 Tới tối 11/12 gọi điện thì c bảo bh bán dc thì trả cọc và phải phạt cọc, ý c nói là 200tr. Trong khi chung cư đó c đã bán dc 10 ngày rồi, đang trong tg nhận cọc của ngta vẫn bán đúng 5 tỉ
 Bạn e có quan điểm rõ ràng là e có lỗi nên phạt cọc thì phạt vc nhà e phải chịu nhưng chị vẫn đòi phạt
 Nói thêm là nhà c ck e rất giàu, luôn bảo rằng làm cái này cái kia hàng trăm tỉ. CE cũng đang rất hòa thuận, ck c ý bận công việc nên làm việc j từ cái nhỏ nhất là trông con cho c ý nấu cơm cũng là ck m sang trông hộ 
 Vậy xin hỏi nếu trong trường hợp c ck e ko trả cọc e có quyền kiện ra toà ko? Và e có cơ hội lấy lại tiền của m trong trường hợp này ko?",,,,,,,Kind 3 - Tranh chấp và các tình huống pháp lý cụ thể
153,"Trước đây cha mẹ tôi đi khai hoang một khu đất, lúc đó là đất trống, đồng không mông quạnh, không phải đất do ông bà để lại. Cha mẹ tôi bao đất, sử dụng ổn định, làm nhà ở và có xin phép địa phương thời điểm đó.
 Hiện nay trong khuôn viên đất gia đình tôi đang ở có khoảng gần 1.000 m² đất chưa có bất kỳ giấy tờ nào, phần đất này đang thể hiện trên hồ sơ địa phương mang tên chú ruột tôi. Lý do là trước đây anh em tôi không ở nhà nên cha tôi nhờ chú đứng tên giúp cho dễ làm thủ tục giấy tờ, chứ thực tế gia đình tôi là người khai hoang và sử dụng đất từ đầu đến nay.
 Nay gia đình tôi muốn làm hồ sơ xin cấp giấy chứng nhận (làm bìa) cho phần đất còn lại nên đề nghị chú tôi ký giấy ủy quyền hoặc xác nhận, nhưng chú tôi không đồng ý ký, gây tranh chấp.
 Xin hỏi trong trường hợp đất khai hoang, sử dụng ổn định lâu dài như vậy thì gia đình tôi có hướng giải quyết pháp lý nào không? Cần làm những thủ tục gì để bảo vệ quyền lợi?",,,,,,,Kind 3 - Tranh chấp và các tình huống pháp lý cụ thể
154,"Mình ở đồng Nai, năm 2018 mình có mua nền đất 100m2 bằng vi bằng. Lúc đó chủ đất phân nền ra bán, đường đi nội bộ. Lúc mua chủ nói hiện đang làm hồ sơ hiến đường sau này sẽ tãch sổ và lên thổ cư riêng từng sổ ( chi phí tách sổ lên thổ cư người mua phải chịu) nhưng đã nhiều năm trôi qua nhưng chủ không tách sổ được chỉ nói là chưa tách được. Vì thế nên mình cũng không xây dựng được do xã không cho. Giờ mình có khởi kiện ra tòa để toà tuyên công nhận hđ mua bán được không cả nhà( tiền mình đã trả hết) hay mình yêu cầu tuyên vô hiệu ah, mong mọi người tư vấn",,,,,,,Kind 3 - Tranh chấp và các tình huống pháp lý cụ thể
155,"Em chào mọi người ạ,dạ em muốn mọi người tư vấn giúp em ạ,câu chuyện của em như sau: Mẹ chồng em có viết giấy ủy quyền thừa kế tài sản và đất ở cho chồng em trước khi anh lấy vợ,( Bố chồng em đã mất) Và cách đây mấy năm mẹ chồng em có nói với với ace trong nhà là mẹ em muốn làm sổ đỏ sang tên cho chồng em,trong ace trong nhà có 1 người không ký để làm sổ đỏ cho chồng em (Trong khi đó người anh đó đã được bm em chia đất cho ạ,và diện tích đất còn nhiều hơn của chồng em).Mọi người tư vấn giúp em trường hợp của chồng em bây giờ phải như thế nào mới sang tên được ạ?Em cảm ơn ạ.",,,,,,,Kind 3 - Tranh chấp và các tình huống pháp lý cụ thể
156,"Công ty mình thuê đất của X30- BCA xây dựng nhà xưởng 5300m2. Nhưng khi dịch đến thì BCA mượn làm bệnh viện dã chiến. Đến nay là 5 năm nhưng chưa trả lại nhà xưởng, cũng k trả lại tiền cọc cho doanh nghiệp, thậm chí sang nhà kho cũng k được. Ép bên mình phải thanh lý hợp đồng rồi sẽ trình bộ phương án giải quyết sau. Đây là biên làm việc gần nhất mình xin được chia sẻ để anh chị nắm thông tin cụ thể ạ.",,,,,,,Kind 3 - Tranh chấp và các tình huống pháp lý cụ thể
157,"Nha hang xom muc đat tu 2013 xuong 5 met lam đất
 nhà em sut lun xuống gần đến móng nhà, nut tưong
 nhe den nay 2024nha em muon giai quyet: hang xom
 phải xây kè để giữ nguyên hiện trạng đất cho nhà e .
 Mong các luật sư tư vấn cho em ạ",,,,,,,Kind 3 - Tranh chấp và các tình huống pháp lý cụ thể
158,"Chào anh chị, đất của em sau khi mua lại thì lúc làm hồ sơ lên thổ cư phát hiện bị sai vị trí trên sổ với thực tế, thực tế em mua miếng đất trống, nhưng trên sổ thì lại là đất bên hàng xóm, đã xây nền làm nhà tiền chế, em thoả thuận vs hàng xóm sẽ bán lại đất cho hàng xóm, nhưng khi làm hồ sơ sang tên cán bộ nói phải đăng kí đo đạc, cho em hỏi, sau khi đo đạc thì phải cấp lại sổ mới rồi mới bán được hay sao ạ, em định chỉ ranh khi đo cho địa chính đúng với miếng đất trên bản vẽ sổ đỏ luôn cho tiện, mà đất đó thì đã xây nền nhưng lại là đất trồng cây lâu năm. 
Xin anh chị có kinh nghiệm, kiến thức tư vấn giúp em ạ.",,,,,,,Kind 3 - Tranh chấp và các tình huống pháp lý cụ thể
159,"Nhà em mua đất 200m2 đất không thể tách đôi hay chia Diện tích nhỏ hơn. 
Hiện có nhà ở bên cạnh đã xây nhà kiên cố cạnh phần đất nhà em. Trước đó nhà đó tự dưng bảo với gia đình em do địa chính cũ đo tọa độ bằng tay nên hiện nay số đo bằng máy khác với số đo bằng tay trước đây cho nên đuôi nhà đó bị xây lệch sang đất nhà em, muốn mua lại chỗ phần xây lấn sang. Nhưng do S đất không thể tách nên nhà đó lại tìm phương án khác…
Gia đình đó do vợ 2 muốn sang tên sổ Hồng đứng cả tên vợ 2 nên muốn nhà e kí giáp danh để sang tên. Tuy nhiên nhà đó bảo mời bên đo đạc đến đo(không có mặt gia đình em) lại bảo lại không bị sang đất nhà em và đưa tờ giấy ép nhà e kí giáp danh gấp.‼️ 
Ace hiểu luật cho e hỏi nếu nhà e mời bên đo đạc ở VPCC đến đo, sau đó nên làm gì để chứng minh nhà đó xây nhà không bị xây lấn sang nhà em và tránh rắc rối về sau thì có nên cắm mốc k ạ?",,,,,,,Kind 3 - Tranh chấp và các tình huống pháp lý cụ thể
160,Cho minh hỏi .năm 1997 anh rể minh có cho vk ck mình một mảnh đật và vk ck mình đã xây dựng nhà ở từ năm 1997 đến hiện tại bây giờ và kèm theo giấy viết tay của 2vk ck anh rể cho vk ck mình .nhưng giờ anh rể minh làm đơn ra tòa đòi lại. Mình xin chân thành gủi đến cồng động mạng cho mình lời ý kiến chân thâ,,,,,,,Kind 3 - Tranh chấp và các tình huống pháp lý cụ thể
161,Luật sư cho em hỏi đất của cha ông để lại nhưng năm 1995 sổ quy chủ và sổ đỏ đứng tên bố mẹ em và 5 người con ong bà ở cùng vườn nhưng hộ khẩu khác hơn 10 năm sau ông đã mất bà nội kêu bác và bố về làm giấy thỏa thuận trong giấy ghi bà lấy lại 200 m2 làm nơi thờ cúng còn nữa bà cho bố em và bố và bác kí rồi bà điểm chỉ đến ub xã xác nhận và 2 người làm chứng mà mẹ em và mấy người con ko nhất trí vậy xin hỏi bản thỏa thuận này có hợp pháp ko ạ hay để lâu dài có phức tạp ko ạ nhờ luật sư tư vấn gúp,,,,,,,Kind 3 - Tranh chấp và các tình huống pháp lý cụ thể
162,"Xin các anh/chị tư vấn giúp.
 Em có mua 1 miếng đất trong đó có 400m2 thổ cư, đã hoàn tất các thủ tục công chứng chuyển nhượng, chuyển khoản đầy đủ tiền mua đất + tiền cò. Tới bước nộp hồ sơ vào phòng TN thì mới phát hiện đất lệch diện tích, khi gọi địa chính vào đo thì lại phát hiện có tranh chấp với hàng xóm, cun thể là hàng xóm lấn đất diện tích rất nhiều.
 Em không thể nhận chuyển nhượng được, đã trao đổi lại với chủ cũ trả lại bớt tiền đúng với diện tích bị mất, nhưng chủ cũ cho rằng đã là hợp đồng rồi thì không trả lại, còn họ sẽ hỗ trợ đòi lại đất vì đất đó là của họ.
 Hợp đồng của em bị dính điều khoản phải đóng tất cả các khoản thuế bao gồm cả thuế thu nhập của bên bán, thuế đất hàng năm.
 Tuy nhiên em vẫn chưa nhận được chuyển nhượng, chưa được bàn giao đủ đất (vẫn giữ nguyên hiện trạng) thì các nghĩa vụ này do bên nào chịu trách nhiệm ạ? Và mình cần làm gì để ép chủ cũ phải có trách nhiệm sớm đòi lại đất cho mình ạ",,,,,,,Kind 3 - Tranh chấp và các tình huống pháp lý cụ thể
163,Em muốn hỏi về vấn đề lấn chiếm đất công hẽm công cộng. Công trình xây dựng lấn chiếm trái phép đã hơn 5 năm mà uỷ ban địa phương vẫn chưa giải quyết thoả đáng và công trình đó hiện tại xuống cấp sắt thép trên cao hơn chục mét có dấu hiệu rơi sang nhà em. Gần đây em cũng đã tiếp tục gửi đơn xin uỷ ban giải quyết sớm nhưng uỷ ban đến nay đã hơn 4 tháng vẫn chưa trà lời văn bản cho em. Mong quý anh chị tư vấn giúp em. Em ở Vĩnh Long ạ,,,,,,,Kind 3 - Tranh chấp và các tình huống pháp lý cụ thể
164,"Nhà em có cho người thuê đất sau đó họ tự dựng xưởng lên . Hết hạn hợp đồng họ ko chuyển đi . Rất láo toét, đã thuê 10 năm. Sau đó nhà em bị thu hồi đất , nhà nước đền bù tiền xưởng, nhà em đã nhận tiền , nhưng người thuê bảo đó là tiền xưởng của họ . Họ gửi đơn kiện nhà em là tội chiếm đoạt tài sản . Vậy có phải là hình sự ko ạ . Nhà em mà bị thua kiện thì có thiệt hại gì không ạ ! Được 200 nhà em đã trả 150 mà nó còn không chịu . Cuối cùng nó đã chịu cầm 150 triệu còn xin 10 tháng tiền thuê chỗ . Khi công an vào cuộc . Đúng loại bẩn bựa.",,,,,,,Kind 3 - Tranh chấp và các tình huống pháp lý cụ thể
165,"Em đang gặp một tình huống mong muốn các anh chị tư vấn giúp em.
 Hôm trước em có cọc tiền 100tr mua 1 mảnh đất có nhà bên trên đất ( hợp đồng cọc viết tay có môi giới làm chứng). Đến khi đo đạc lại thì diện tích đất lớn hơn diện tích sổ 5 m2, và không biết 5m2 thừa ở đâu ra vì chủ hiện tại cũng mua qua vài đời chủ rồi.
 Thấy vậy chủ hiện tại đòi tăng giá và nếu không đồng ý sẽ trả lại tiền cọc và có ý không bồi thường cọc. ( trong hợp đồng cọc có ghi nếu chủ không bán sẽ phải đền cọc 300tr).
 Vài ngày nữa là đến hẹn công chứng mua bán nên em chưa biết sử lý trường hợp này sao.
 Do là có bán số lượng vàng trước đó để chuẩn bị tiền, nay vàng lên tính ra mất 50tr mà không mua được đất nên cảm thấy khá buồn.
 Mong các anh chị tư vấn giúp em xử lý thế nào ạ.",,,,,,,Kind 3 - Tranh chấp và các tình huống pháp lý cụ thể
166,"Tại sao vợ đứng tên riêng 1 sổ đỏ, chồng đứng tên riêng 1 sổ, Cả 2 thửa đất đều vào quy hoạch, mà bên thẩm định chỉ cho đền mua 1 lô tdc, con lô kia nhận tiền là sao các bác, họ bảo vẫn là chung 1 hộ dù 2 sổ của riêng 2 người",,,,,,,Kind 4 - Các vấn đề pháp lý tại địa phương và dự án
167,"Em đang bế tắc quá .xin ý kiến mọi người để tham  khảo. 2 vk ck dành giụm 10 năm, mới  mua đc căn nhà  đã đặt cọc còn 10 ngày nữa đi công chứng khi mua em cũng kiểm tra kỹ ko dính quy  hoạch gì cả , nhưng  hôm nay thấy thay đổi thì ngôi nhà đó dính quy hoạch đang ở trong tg chờ dự thảo ý kiến .giờ em không biết nên mua hay mất 100 triệu tiền cọc.khổ quá đi mất",,,,,,,Kind 4 - Các vấn đề pháp lý tại địa phương và dự án
168,"Chào mn và các anh/chị luật sư, gia đình tôi đang rơi vào tình cảnh rất khó khăn về đất đai và cần được tư vấn pháp lý. Tóm tắt sự việc trước đây, gia đình tôi làm doanh nghiệp có góp phần diện tích để thực hiện dự án ( nhà nước giao đất nhưng chưa giải phóng mặt bằng).Tình trạng hiện tại: UBND tỉnh vừa ra quyết định thu hồi toàn bộ diện tích đất của dự án theo Khoản 8 Điều 81 Luật Đất đai 2024 (thu hồi do vi phạm pháp luật về đất đai dự án chậm tiến độ). Thực tế hiện nay gia đình đang đứng trước nguy cơ bị thu trắng, không được tách định rõ quyền lợi đối với phần đất gốc của mình đã góp vào dự án và đất mà nhà nước giao. Mong sự giúp đỡ của mọi người.",,,,,,,Kind 4 - Các vấn đề pháp lý tại địa phương và dự án
169,"Chào mọi người ạ,em ở Ninh Bình nhà em đang làm trang trại, sắp tới sẽ bị thu hồi đất. Theo luật mới sẽ được bồi thường thiệt hại về cả vật nuôi như trâu bò, lợn gà. Em hỏi đơn giá bồi thường ở Ninh Bình lại không có, các tỉnh khác đều có rồi. Bây giờ phải làm sao đây ,như này thiệt cho nhà em quá",,,,,,,Kind 4 - Các vấn đề pháp lý tại địa phương và dự án
170,"Gia đình mình đất vào quy hoạch sân bay. Đất ở thì được ông bà nội cho tặng, sau khi ông bà cho tặng thì ông bà có ở với vợ chồng mình ( trước đó ông bà có mua một mảnh đất nhưng chưa làm sổ được vì đất đó bán trái thẩm quyền của xã, đất này vợ chồng mình có làm nhà tạm để ở và kinh doanh và cũng thuộc quy hoạch sân bay). Vợ chồng mình đã tách hộ khẩu riêng với ông bà, hiện tại ông bà có chung hộ khẩu với chú. Vì từ trước đến nay ông bà ở với vợ chồng mình nên mình có xin được 2 suất tái định cư không",,,,,,,Kind 4 - Các vấn đề pháp lý tại địa phương và dự án
171,"Em chào cả nhà . Chúc cả nhà buổi tối vui vẻ , hạnh phúc bên gia đình ...... 
 chuyện là nhà em có thửa đất đấu thầu từ năm 1994 do không dùng đến nên cho hàng xóm mượn để chăn nuôi . Giờ tuyến đường cao tốc chạy qua , nhà nước có gửi văn bản mời gia đình em đến để đền bù , nhưng do công việc và ở xa nên có nhờ người thân đến ký hộ . Nhưng sau đợt đó thì không thấy ai gọi về nữa ..... giờ em về quê lại thấy bác ( hàng xóm ) trước em cho mượn đất để canh tác đc đền bù trên thửa đất nhà em số tiền 1 tỉ và 1 mảnh tái định cư . Cả nhà cho em hỏi là giờ em có đòi lại được không và tại sao nhà nước lại đền bù cho người không đứng tên đấu thầu ? Em cảm ơn rất nhiều",,,,,,,Kind 4 - Các vấn đề pháp lý tại địa phương và dự án
172,"dạ mong anh chị trong nhóm tư vấn ạ
 Nhà em có diện tích 320,4m2 (chưa có sổ, không tranh chấp, trên bản đồ đã là ONT, hàng năm vẫn đóng thuế) được cơ quan xác định như sau: 134,4m2 là đất ở trước năm 1980, 161m2 là đất lấn chiếm trước năm 1993 và 25m2 trước năm 2004, đã có nhà xây trên diện tích đất ở hợp pháp. Khi dự án đi qua nhà e được đền bù 3 suất đất nhỏ nhưng ban đầu nghĩa vụ tài chính chỉ phải đóng hơn 500tr, giờ sau khi sáp nhập giao cho 1 đội cán bộ khác làm thì tính lên nghĩa vụ tài chính mất 1ty6 (80%*S lấn chiếm*giá đất). Họ bảo phương án như này là hợp lý rồi, còn nếu căng thì ko chỉ được 1 suất đất ạ vì phần lấn chiếm chưa xây dựng nhà ở và công trình phụ, nếu có thì nghĩa vụ tài chính mới nhỏ. Anh chị cho e xin tư vấn như vậy đã là hợp lý chưa ạ. Em cảm ơn mn ạ",,,,,,,Kind 4 - Các vấn đề pháp lý tại địa phương và dự án
173,Mọi người cho em hỏi chút : nhà em 300m2 đất thổ cư khi bị thu hồi sẽ đc cấp tđc ntn ạ . Em cảm ơn,,,,,,,Kind 4 - Các vấn đề pháp lý tại địa phương và dự án
174,"Bố em có đứng tên 1 thửa đất , hiện nay bị nhà nước thu hồi làm dự án, nhưng bố em đã mất, giờ họ kiểm kê chỉ xin bản photo sổ đỏ.Nhà e định làm phân chia quyền thừa kế mảnh đất đó cho đứa e em, cho nó toàn quyền nhận đề bù, xét tdc thửa đất đó.Mà ko thấy bên kiểm kê bảo gì. Vậy khi xét hồ sơ e mới cần nộp biên bản phân chia thừa kế hay phải nộp luôn ạ.",,,,,,,Kind 4 - Các vấn đề pháp lý tại địa phương và dự án
175,E chào a chị ạ cho e hỏi đất của bố e đang ở cùng GĐ người cháu nữa bố e chưa làm sổ sang tên cho bố e dc đất chuẩn bị giải tỏa làm đường vậy cả 2 có được cấp đất tái định cư ko ạ,,,,,,,Kind 4 - Các vấn đề pháp lý tại địa phương và dự án
176,"Các bác biết chỉ giúp em với ạ. 
 Người đứng tên 2 sổ đỏ của 2 mảnh đất, khác phường, xã nhưng cùng thành phố. 
 Vậy 1 sổ đỏ của một mảnh đất bị trong diện quy hoạch mình có được cấp đất tái định cư không ạ , và em muốn tìm hiểu về mục này cần tìm đọc điều luật nào ạ 
 Em trân thành cảm ơn",,,,,,,Kind 4 - Các vấn đề pháp lý tại địa phương và dự án
177,"Cả nhà cho e hỏi, mẹ e có miếng đất muốn tách sổ riêng cho con cái. Giờ phần đất đó lại được báo là quy hoạc đất TMDV nên không lên thổ cư để tách sổ được. Có cách nào để tách sổ được không ạ? (Diện tích: ngang 10 dài 70) . E cám ơn ạ!",,,,,,,Kind 4 - Các vấn đề pháp lý tại địa phương và dự án
178,"Chuyện là ba e có cho e 1 miếng đất và sắp tới e sẽ xây lại nhà trên đất này. Năm 1998 ba e có xây nhà trên đất này và đến 2007 ông bà e tách sổ đỏ riêng cho ba e. Đến 2013 có thay đổi để lên sổ hồng mới hay gì đó thì mẹ e hỏi bên xã ngta kêu nhà e khỏi đổi sổ hồng. Lúc đó e còn nhỏ và ba mẹ e nông dân cũng không biết nhiều nên để sổ đỏ cũ như năm 2007 luôn đến nay. Nay 2025 ba e sang tên cho e thì bắt buộc làm lại sổ hồng. Khi ra sổ rồi mới thấy là có dính quy hoạch kẻ vạch thẳng vào bản đồ đất luôn là gần 1 nửa diện tích đất. Loại đất trên sổ hồng hiện tại là Đất trồng cây lâu năm. E có thông tin từ bạn e là đất có cất nhà từ trước 2004 khi 2013 làm lại sổ sẽ được công nhận phần đất xây nhà là Đất Ở, nghĩa là cả thửa thì có phần xây nhà được tính thổ cư. Anh chị cho e hỏi thông tin này chính xác không và nếu thật vậy thì bây giờ e nên làm gì để được công nhận phần đất đó để đỡ tiền lên thổ cư cả thửa và khi quy hoạch sẽ được đền bù nhiều hơn. Nhà e xây giữa đất nên hiện tại 1 nửa dính quy hoạch và 1 nửa không dính. Và bây giờ nếu e đóng thổ cư e chỉ được đóng phần không dính quy hoạch. Nhưng phần quy hoạch có 1 nửa nhà e, nếu 2013 được công nhận phần đó thổ cư thì có phải sắp tới quy hoạch e được đền bù nhiều hơn, có giá hơn đất nông nghiệp đúng không ạ",,,,,,,Kind 4 - Các vấn đề pháp lý tại địa phương và dự án
179,"Nhà em nằm trên dự án đường điện cao thế 500kv chơn thành-long an . Năm trước có nhận được giấy bồi thường nhưng trên giấy ghi là đất nông nghiệp mặc dù nhà em là đất thổ cư sau kiến nghị thì năm nay lại giảm xuống nữa và nhận được câu trả lời là chỉ bồi thường theo diện đất bình thường và còn nói là do đất nhà em kh nằm trên đường nhựa mặc dù trong giấy năm trước cũng ghi là đất nằm trên mặt đường đất 5m và đền với giá cao nhưng năm nay lại giảm xuống 
 Cao nhân nào giải đáp giúp em với ạ chứ nhà em hoang mang quá rồi",,,,,,,Kind 4 - Các vấn đề pháp lý tại địa phương và dự án
